id,latitude,longitude,availabledocks,stationname,statuskey,statusvalue,totaldocks
332,40.71219906,-73.97948148,16,Cherry St,1,In Service,24
72,40.76727216,-73.99392888,27,W 52 St & 11 Ave,1,In Service,39
79,40.71911552,-74.00666661,31,Franklin St & W Broadway,1,In Service,33
82,40.71117416,-74.00016545,0,St James Pl & Pearl St,3,Not In Service,0
83,40.68382604,-73.97632328,49,Atlantic Ave & Fort Greene Pl,1,In Service,62
119,40.69608941,-73.97803415,15,Park Ave & St Edwards St,1,In Service,19
120,40.68676793,-73.95928168,4,Lexington Ave & Classon Ave,1,In Service,19
127,40.73172428,-74.00674436,9,Barrow St & Hudson St,1,In Service,31
128,40.72710258,-74.00297088,16,MacDougal St & Prince St,1,In Service,30
143,40.69239502,-73.99337909,18,Clinton St & Joralemon St,1,In Service,24
144,40.69839895,-73.98068914,17,Nassau St & Navy St,1,In Service,19
146,40.71625008,-74.0091059,33,Hudson St & Reade St,1,In Service,39
150,40.720873600000004,-73.98085795,8,E 2 St & Avenue C,1,In Service,29
151,40.722103786686,-73.997249007225,13,Cleveland Pl & Spring St,1,In Service,33
157,40.69089272,-73.99612349,2,Henry St & Atlantic Ave,1,In Service,23
164,40.75323098,-73.97032517,44,E 47 St & 2 Ave,1,In Service,47
167,40.7489006,-73.97604882,40,E 39 St & 3 Ave,1,In Service,45
168,40.73971301,-73.99456405,40,W 18 St & 6 Ave,1,In Service,47
173,40.7606832709659,-73.98452728986742,47,Broadway & W 49 St,1,In Service,51
174,40.7381765,-73.97738662,13,E 25 St & 1 Ave,1,In Service,30
195,40.70905623,-74.01043382,40,Liberty St & Broadway,1,In Service,45
212,40.74334935,-74.00681753,24,W 16 St & The High Line,1,In Service,28
216,40.70037867,-73.99548059,17,Columbia Heights & Cranberry St,1,In Service,23
217,40.70277159,-73.99383605,27,Old Fulton St,1,In Service,39
223,40.73781509,-73.99994661,29,W 13 St & 7 Ave,1,In Service,33
228,40.7546011026,-73.971878855,51,E 48 St & 3 Ave,1,In Service,54
229,40.72743423,-73.99379025,9,Great Jones St,1,In Service,23
232,40.69597683,-73.99014892,19,Cadman Plaza E & Tillary St,1,In Service,23
236,40.7284186,-73.98713956,14,St Marks Pl & 2 Ave,1,In Service,39
237,40.73047309,-73.98672378,29,E 11 St & 2 Ave,1,In Service,39
238,40.7361967,-74.00859207,10,Bank St & Washington St,1,In Service,31
239,40.69196566,-73.9813018,23,Willoughby St & Fleet St,1,In Service,31
241,40.68981035,-73.97493121,18,DeKalb Ave & S Portland Ave,1,In Service,23
242,40.697787,-73.973736,15,Carlton Ave & Flushing Ave,1,In Service,23
243,40.688226,-73.979382,1,Fulton St & Rockwell Pl,1,In Service,31
244,40.69196035,-73.96536851,14,Willoughby Ave & Hall St,1,In Service,31
245,40.69327018,-73.97703874,23,Myrtle Ave & St Edwards St,1,In Service,23
247,40.73535398,-74.00483091,10,Perry St & Bleecker St,1,In Service,20
248,40.72185379,-74.00771779,19,Laight St & Hudson St,1,In Service,23
249,40.71870987,-74.0090009,27,Harrison St & Hudson St,1,In Service,27
251,40.72317958,-73.99480012,16,Mott St & Prince St,1,In Service,27
252,40.73226398,-73.99852205,9,MacDougal St & Washington Sq,1,In Service,33
253,40.73543934,-73.99453948,53,W 13 St & 5 Ave,1,In Service,55
254,40.73532427,-73.99800419,29,W 11 St & 6 Ave,1,In Service,31
257,40.71939226,-74.00247214,35,Lispenard St & Broadway,1,In Service,39
258,40.68940747,-73.96885458,20,DeKalb Ave & Vanderbilt Ave,1,In Service,23
259,40.70122128,-74.01234218,31,South St & Whitehall St,1,In Service,39
260,40.70365182,-74.01167797,31,Broad St & Bridge St,1,In Service,35
261,40.69474881,-73.98362464,17,Johnson St & Gold St,1,In Service,27
262,40.6917823,-73.97372990000001,20,Washington Park,1,In Service,24
264,40.70706456,-74.00731853,27,Maiden Ln & Pearl St,1,In Service,27
265,40.72229346,-73.99147535,20,Stanton St & Chrystie St,1,In Service,35
266,40.72368361,-73.97574813,18,Avenue D & E 8 St,1,In Service,24
267,40.75097711,-73.98765428,56,Broadway & W 36 St,1,In Service,57
268,40.71910537,-73.99973337,17,Howard St & Centre St,1,In Service,27
270,40.69308257,-73.97178913,21,Adelphi St & Myrtle Ave,1,In Service,23
274,40.68691865,-73.976682,28,Lafayette Ave & Fort Greene Pl,1,In Service,31
275,40.68650065,-73.96563307,13,Washington Ave & Greene Ave,1,In Service,19
276,40.71748752,-74.0104554,15,Duane St & Greenwich St,1,In Service,25
278,40.69766564,-73.98476437,19,Concord St & Bridge St,1,In Service,19
279,40.707873,-74.00166999999999,6,Peck Slip & Front St,1,In Service,36
280,40.73331967,-73.99510132,28,E 10 St & 5 Ave,1,In Service,31
281,40.764397100000004,-73.97371465,11,Grand Army Plaza & Central Park S,1,In Service,57
282,40.7076449441757,-73.9684152603149,5,Kent Ave & S 11 St,1,In Service,27
285,40.73454567,-73.99074142,35,Broadway & E 14 St,1,In Service,51
289,40.684568299999995,-73.95881081,18,Monroe St & Classon Ave,1,In Service,19
291,40.713126,-73.984844,8,Madison St & Montgomery St,1,In Service,20
293,40.7302066052995,-73.9910262823105,53,Lafayette St & E 8 St,1,In Service,55
295,40.71406667,-73.99293911,9,Pike St & E Broadway,1,In Service,24
296,40.71413089,-73.99704679999999,23,Division St & Bowery,1,In Service,35
297,40.734232,-73.986923,22,E 15 St & 3 Ave,1,In Service,27
298,40.68683208,-73.9796772,6,3 Ave & Schermerhorn St,1,In Service,35
301,40.72217444,-73.98368779,22,E 2 St & Avenue B,1,In Service,37
302,40.72082834,-73.97793172,12,Avenue D & E 3 St,1,In Service,23
303,40.72362738,-73.99949601,29,Mercer St & Spring St,1,In Service,31
304,40.70463334,-74.01361706,20,Broadway & Battery Pl,1,In Service,33
305,40.76095756,-73.96724467,30,E 58 St & 3 Ave,1,In Service,33
307,40.71427487,-73.98990025,20,Canal St & Rutgers St,1,In Service,30
308,40.71307916,-73.99851193,16,St James Pl & Oliver St,1,In Service,27
309,40.7149787,-74.013012,31,Murray St & West St,1,In Service,41
310,40.68926942,-73.98912867,26,State St & Smith St,1,In Service,36
311,40.7172274,-73.98802084,17,Norfolk St & Broome St,1,In Service,31
312,40.722055,-73.989111,27,Allen St & Stanton St,1,In Service,31
313,40.69610226,-73.96751037,19,Washington Ave & Park Ave,1,In Service,23
314,40.69383,-73.990539,34,Cadman Plaza West & Montague St,1,In Service,39
315,40.70355377,-74.00670227,13,South St & Gouverneur Ln,1,In Service,29
316,40.70955958,-74.00653609,39,Fulton St & William St,1,In Service,43
317,40.72453734,-73.98185424,19,E 6 St & Avenue B,1,In Service,27
319,40.711065999999995,-74.009447,30,Fulton St & Broadway,1,In Service,33
320,40.717571,-74.005549,25,Leonard St & Church St,1,In Service,27
321,40.69991755,-73.98971773,21,Cadman Plaza E & Red Cross Pl,1,In Service,27
322,40.696191999999996,-73.991218,25,Clinton St & Tillary St,1,In Service,31
323,40.69236178,-73.98631746,33,Lawrence St & Willoughby St,1,In Service,39
324,40.689888,-73.981013,19,DeKalb Ave & Hudson Ave,1,In Service,51
325,40.73624527,-73.98473765,29,E 19 St & 3 Ave,1,In Service,35
326,40.72953837,-73.98426726,13,E 11 St & 1 Ave,1,In Service,27
327,40.715337899999994,-74.01658354,27,Vesey Pl & River Terrace,1,In Service,39
328,40.72405549,-74.00965965,20,Watts St & Greenwich St,1,In Service,23
330,40.71450451,-74.00562789,36,Reade St & Broadway,1,In Service,39
331,40.71173107,-73.99193043,3,Pike St & Monroe St,1,In Service,27
334,40.74238787,-73.99726235,24,W 20 St & 7 Ave,1,In Service,31
335,40.72903917,-73.99404649,25,Washington Pl & Broadway,1,In Service,27
336,40.73047747,-73.99906065,27,Sullivan St & Washington Sq,1,In Service,36
337,40.703799200000006,-74.00838676,28,Old Slip & Front St,1,In Service,37
339,40.72580614,-73.97422494,8,Avenue D & E 12 St,1,In Service,24
340,40.71269042,-73.98776323,8,Madison St & Clinton St,1,In Service,27
341,40.71782143,-73.97628939,8,Stanton St & Mangin St,1,In Service,19
342,40.71739973,-73.98016555,11,Columbia St & Rivington St,1,In Service,29
343,40.69794,-73.96986848,4,Clinton Ave & Flushing Ave,1,In Service,23
344,40.6851443,-73.95380904,11,Monroe St & Bedford Ave,1,In Service,23
345,40.73649403,-73.99704374,26,W 13 St & 6 Ave,1,In Service,35
346,40.73652889,-74.00618026,6,Bank St & Hudson St,1,In Service,27
347,40.728846000000004,-74.00859100000001,27,Greenwich St & W Houston St,1,In Service,35
349,40.71850211,-73.98329859,20,Rivington St & Ridge St,1,In Service,23
350,40.71559509,-73.9870295,26,Clinton St & Grand St,1,In Service,28
351,40.70530954,-74.00612572,27,Front St & Maiden Ln,1,In Service,39
353,40.68539567,-73.97431458,15,S Portland Ave & Hanson Pl,1,In Service,27
354,40.69363137,-73.96223558,0,Emerson Pl & Myrtle Ave,1,In Service,23
355,40.71602118,-73.99974372,25,Bayard St & Baxter St,1,In Service,43
356,40.71622644,-73.98261206,7,Bialystoker Pl & Delancey St,1,In Service,23
357,40.73261787,-73.99158043,24,E 11 St & Broadway,1,In Service,27
358,40.73291553,-74.00711384,7,Christopher St & Greenwich St,1,In Service,36
359,40.75510267,-73.97498696,44,E 47 St & Park Ave,1,In Service,53
360,40.70717936,-74.00887308,34,William St & Pine St,1,In Service,39
361,40.71605866,-73.99190759,18,Allen St & Hester St,1,In Service,43
362,40.75172632,-73.98753523,56,Broadway & W 37 St,1,In Service,57
363,40.70834698,-74.01713445,39,West Thames St,1,In Service,49
364,40.68900443,-73.96023854,19,Lafayette Ave & Classon Ave,1,In Service,27
365,40.68223166,-73.9614583,30,Fulton St & Grand Ave,1,In Service,31
366,40.693261,-73.968896,18,Clinton Ave & Myrtle Ave,1,In Service,33
368,40.73038599,-74.00214988,37,Carmine St & 6 Ave,1,In Service,39
369,40.73224119,-74.00026394,27,Washington Pl & 6 Ave,1,In Service,35
372,40.694546087245996,-73.9580136537552,5,Franklin Ave & Myrtle Ave,1,In Service,27
373,40.69331716,-73.95381995,15,Willoughby Ave & Walworth St,1,In Service,19
376,40.70862144,-74.00722156,39,John St & William St,1,In Service,43
377,40.72243797,-74.00566443,39,6 Ave & Canal St,1,In Service,45
379,40.749156,-73.9916,32,W 31 St & 7 Ave,1,In Service,42
380,40.73401143,-74.00293877,22,W 4 St & 7 Ave S,1,In Service,39
382,40.73492695,-73.99200509,32,University Pl & E 14 St,1,In Service,36
383,40.735238,-74.000271,30,Greenwich Ave & Charles St,1,In Service,39
386,40.71494807,-74.00234482,19,Centre St & Worth St,1,In Service,43
387,40.71273266,-74.0046073,35,Centre St & Chambers St,1,In Service,39
388,40.749717753,-74.002950346,22,W 26 St & 10 Ave,1,In Service,35
389,40.71044554,-73.96525063,23,Broadway & Berry St,1,In Service,27
390,40.69221589,-73.9842844,26,Duffield St & Willoughby St,1,In Service,31
391,40.69760127,-73.99344559,31,Clark St & Henry St,1,In Service,31
392,40.695065,-73.987167,28,Jay St & Tech Pl,1,In Service,35
393,40.72299208,-73.97995466,17,E 5 St & Avenue C,1,In Service,31
394,40.72521311,-73.97768752,11,E 9 St & Avenue C,1,In Service,32
396,40.680342423,-73.9557689392,23,Lefferts Pl & Franklin Ave,1,In Service,25
397,40.68415748,-73.96922273,26,Fulton St & Clermont Ave,1,In Service,27
398,40.69165183,-73.99997859999999,7,Atlantic Ave & Furman St,1,In Service,31
399,40.68851534,-73.9647628,17,Lafayette Ave & St James Pl,1,In Service,27
400,40.71926081,-73.98178024,11,Pitt St & Stanton St,1,In Service,15
401,40.72019576,-73.98997825,31,Allen St & Rivington St,1,In Service,42
402,40.740343200000005,-73.98955109,32,Broadway & E 22 St,1,In Service,39
403,40.72502876,-73.99069656,25,E 2 St & 2 Ave,1,In Service,31
405,40.739323,-74.008119,24,Washington St & Gansevoort St,1,In Service,40
406,40.69512845,-73.99595065,34,Hicks St & Montague St,1,In Service,34
407,40.700469,-73.991454,28,Henry St & Poplar St,1,In Service,37
408,40.71076228,-73.99400398,5,Market St & Cherry St,1,In Service,23
409,40.6906495,-73.95643107,16,DeKalb Ave & Skillman St,1,In Service,19
410,40.72066442,-73.98517977,28,Suffolk St & Stanton St,1,In Service,35
411,40.72228087,-73.97668709,15,E 6 St & Avenue D,1,In Service,23
412,40.715815500000005,-73.99422366,17,Forsyth St & Canal St,1,In Service,29
414,40.70281858,-73.98765762,12,Pearl St & Anchorage Pl,1,In Service,24
415,40.7047177,-74.00926027,39,Pearl St & Hanover Square,1,In Service,42
416,40.68753406,-73.97265183,26,Cumberland St & Lafayette Ave,1,In Service,31
417,40.71291224,-74.01020234,11,Barclay St & Church St,1,In Service,23
418,40.70224,-73.982578,15,Front St & Gold St,1,In Service,23
419,40.69580705,-73.97355569,13,Carlton Ave & Park Ave,1,In Service,23
420,40.68764484,-73.96968902,21,Clermont Ave & Lafayette Ave,1,In Service,23
421,40.69573398,-73.97129668,10,Clermont Ave & Park Ave,1,In Service,19
422,40.770513,-73.988038,44,W 59 St & 10 Ave,1,In Service,55
423,40.76584941,-73.98690506,22,W 54 St & 9 Ave,1,In Service,27
426,40.71754834,-74.01322069,8,West St & Chambers St,1,In Service,29
427,40.701907,-74.013942,35,Bus Slip & State St,1,In Service,47
432,40.72621788,-73.98379855,20,E 7 St & Avenue A,1,In Service,31
433,40.72955361,-73.98057249,19,E 13 St & Avenue A,1,In Service,39
435,40.74173969,-73.99415556,33,W 21 St & 6 Ave,1,In Service,47
436,40.68216564,-73.95399026,27,Hancock St & Bedford Ave,1,In Service,27
437,40.6809833854,-73.9500479759,14,Macon St & Nostrand Ave,1,In Service,24
438,40.72779126,-73.98564945,29,St Marks Pl & 1 Ave,1,In Service,41
439,40.726280700000004,-73.98978041,29,E 4 St & 2 Ave,1,In Service,39
440,40.75255434,-73.97282625,28,E 45 St & 3 Ave,1,In Service,32
441,40.756014,-73.967416,32,E 52 St & 2 Ave,1,In Service,35
442,40.746646999999996,-73.993915,36,W 27 St & 7 Ave,1,In Service,51
443,40.70853074,-73.96408963,21,Bedford Ave & S 9 St,1,In Service,23
445,40.72740794,-73.98142006,17,E 10 St & Avenue A,1,In Service,52
446,40.74487634,-73.99529885,38,W 24 St & 7 Ave,1,In Service,39
447,40.76370739,-73.9851615,20,8 Ave & W 52 St,1,In Service,23
448,40.75660359,-73.9979009,19,W 37 St & 10 Ave,1,In Service,31
450,40.76227205,-73.98788205,57,W 49 St & 8 Ave,1,In Service,59
453,40.74475148,-73.99915362,27,W 22 St & 8 Ave,1,In Service,39
454,40.75455731,-73.96592976,24,E 51 St & 1 Ave,1,In Service,35
455,40.75001986,-73.96905301,26,1 Ave & E 44 St,1,In Service,39
456,40.75971079999999,-73.97402311,27,E 53 St & Madison Ave,1,In Service,35
457,40.76695317,-73.98169333,31,Broadway & W 58 St,1,In Service,39
458,40.751396,-74.00522600000001,21,11 Ave & W 27 St,1,In Service,31
459,40.746745000000004,-74.007756,24,W 20 St & 11 Ave,1,In Service,49
460,40.71285887,-73.96590294,17,S 4 St & Wythe Ave,1,In Service,23
461,40.73587678,-73.98205027,31,E 20 St & 2 Ave,1,In Service,39
462,40.74691959,-74.00451887,43,W 22 St & 10 Ave,1,In Service,47
465,40.75513557,-73.98658032,23,Broadway & W 41 St,1,In Service,39
466,40.74395411,-73.99144871,34,W 25 St & 6 Ave,1,In Service,35
467,40.68312489,-73.97895137,29,Dean St & 4 Ave,1,In Service,34
468,40.7652654,-73.98192338,42,Broadway & W 56 St,1,In Service,49
469,40.76344058,-73.98268129,56,Broadway & W 53 St,1,In Service,57
470,40.74345335,-74.00004031,37,W 20 St & 8 Ave,1,In Service,38
471,40.71286844,-73.95698119,26,Grand St & Havemeyer St,1,In Service,31
472,40.745712100000006,-73.98194829,40,E 32 St & Park Ave,1,In Service,41
473,40.72110063,-73.99192540000001,23,Rivington St & Chrystie St,1,In Service,38
474,40.7451677,-73.98683077,0,5 Ave & E 29 St,3,Not In Service,0
476,40.74394314,-73.97966069,31,E 31 St & 3 Ave,1,In Service,47
477,40.75640548,-73.9900262,21,W 41 St & 8 Ave,1,In Service,59
478,40.76030096,-73.99884222,14,11 Ave & W 41 St,1,In Service,31
479,40.76019252,-73.9912551,30,9 Ave & W 45 St,1,In Service,31
480,40.76669671,-73.99061728,7,W 53 St & 10 Ave,1,In Service,27
481,40.71260486,-73.96264403,16,S 3 St & Bedford Ave,1,In Service,25
482,40.73935542,-73.99931783,35,W 15 St & 7 Ave,1,In Service,39
483,40.73223272,-73.98889957,31,E 12 St & 3 Ave,1,In Service,35
484,40.75500254,-73.98014437,34,W 44 St & 5 Ave,1,In Service,44
485,40.75038009,-73.98338988,39,W 37 St & 5 Ave,3,Not In Service,39
486,40.7462009,-73.98855723,33,Broadway & W 29 St,1,In Service,39
487,40.73314259,-73.97573881,27,E 20 St & FDR Drive,1,In Service,34
490,40.751551,-73.993934,53,8 Ave & W 33 St,1,In Service,59
491,40.74096374,-73.98602213,41,E 24 St & Park Ave S,1,In Service,51
492,40.75019995,-73.99093085,48,W 33 St & 7 Ave,1,In Service,61
493,40.7568001,-73.98291153,31,W 45 St & 6 Ave,1,In Service,34
494,40.74734825,-73.99723551,17,W 26 St & 8 Ave,1,In Service,35
495,40.76269882,-73.99301222,17,W 47 St & 10 Ave,1,In Service,25
496,40.73726186,-73.99238967,46,E 16 St & 5 Ave,1,In Service,47
497,40.73704984,-73.99009296,48,E 17 St & Broadway,1,In Service,59
498,40.74854862,-73.98808416,30,Broadway & W 32 St,1,In Service,30
499,40.76915505,-73.98191841,14,Broadway & W 60 St,1,In Service,36
500,40.76228826,-73.98336183,49,Broadway & W 51 St,1,In Service,52
501,40.744219,-73.97121214,36,FDR Drive & E 35 St,1,In Service,43
502,40.714215,-73.981346,19,Henry St & Grand St,1,In Service,30
503,40.73827428,-73.98751968,24,E 20 St & Park Ave,1,In Service,29
504,40.73221853,-73.98165557,38,1 Ave & E 16 St,1,In Service,44
505,40.74901271,-73.98848395,32,6 Ave & W 33 St,1,In Service,36
507,40.73912601,-73.97973776,36,E 25 St & 2 Ave,1,In Service,45
508,40.76341379,-73.99667444,21,W 46 St & 11 Ave,1,In Service,24
509,40.7454973,-74.00197139,18,9 Ave & W 22 St,1,In Service,36
513,40.768254,-73.988639,17,W 56 St & 10 Ave,1,In Service,27
514,40.76087502,-74.00277668,11,12 Ave & W 40 St,1,In Service,52
515,40.76009437,-73.99461843,17,W 43 St & 10 Ave,1,In Service,35
516,40.75206862,-73.96784384,16,E 47 St & 1 Ave,1,In Service,31
517,40.751581,-73.97791,55,Pershing Square South,1,In Service,59
518,40.74780373,-73.97344190000001,38,E 39 St & 2 Ave,1,In Service,39
519,40.751872999999996,-73.97770600000001,35,Pershing Square North,1,In Service,61
520,40.75992262,-73.97648516,35,W 52 St & 5 Ave,1,In Service,39
522,40.75714758,-73.97207836,42,E 51 St & Lexington Ave,1,In Service,51
523,40.75466591,-73.99138152,43,W 38 St & 8 Ave,1,In Service,51
524,40.75527307,-73.98316936,54,W 43 St & 6 Ave,1,In Service,57
525,40.75594159,-74.0021163,15,W 34 St & 11 Ave,1,In Service,39
526,40.74765947,-73.98490707,35,E 33 St & 5 Ave,1,In Service,39
528,40.74290902,-73.97706058,34,2 Ave & E 31 St,1,In Service,39
529,40.75756989999999,-73.99098507,14,W 42 St & 8 Ave,1,In Service,41
530,40.771522,-73.99054100000001,4,11 Ave & W 59 St,1,In Service,24
531,40.71893904,-73.99266288,28,Forsyth St & Broome St,1,In Service,39
532,40.710451,-73.960876,38,S 5 Pl & S 5 St,1,In Service,43
533,40.75299641,-73.98721619,43,Broadway & W 38 St,1,In Service,46
534,40.70255065,-74.0127234,18,Water - Whitehall Plaza,1,In Service,31
536,40.74144387,-73.97536082,10,1 Ave & E 30 St,1,In Service,29
537,40.74025878,-73.98409214,21,Lexington Ave & E 24 St,3,Not In Service,21
539,40.71534825,-73.96024116,7,Metropolitan Ave & Bedford Ave,1,In Service,31
540,40.743115553764895,-73.9821535348892,26,Lexington Ave & E 29 St,1,In Service,30
545,40.736502,-73.97809472,21,E 23 St & 1 Ave,1,In Service,27
546,40.74444921,-73.98303529,33,E 30 St & Park Ave S,1,In Service,38
2000,40.70255088,-73.98940236,5,Front St & Washington St,1,In Service,30
2001,40.699773,-73.979927,0,Sands St & Navy St,3,Not In Service,0
2002,40.716887,-73.96319799999999,13,Wythe Ave & Metropolitan Ave,1,In Service,27
2003,40.733812191966294,-73.9805442094803,27,1 Ave & E 18 St,1,In Service,39
2005,40.70531194,-73.97100056,7,Railroad Ave & Kay Ave,1,In Service,12
2006,40.76590936,-73.97634151,9,Central Park S & 6 Ave,1,In Service,49
2008,40.70569254,-74.01677685,20,Little West St & 1 Pl,1,In Service,24
2009,40.71117444,-73.99682619,11,Catherine St & Monroe St,1,In Service,35
2010,40.72165481,-74.00234737,33,Grand St & Greene St,1,In Service,39
2012,40.739445,-73.97680600000001,29,E 27 St & 1 Ave,1,In Service,36
2021,40.75929124,-73.98859651,41,W 45 St & 8 Ave,1,In Service,43
2022,40.759107,-73.959223,27,E 60 St & York Ave,1,In Service,33
2023,40.75968085,-73.97031366,34,E 55 St & Lexington Ave,1,In Service,36
3002,40.711512,-74.01575600000001,11,South End Ave & Liberty St,1,In Service,25
3016,40.7203677529846,-73.96165072917941,26,Kent Ave & N 7 St,1,In Service,47
3041,40.67890679,-73.94142771,19,Kingston Ave & Herkimer St,1,In Service,24
3042,40.6794268,-73.92989109999999,16,Fulton St & Utica Ave,1,In Service,19
3043,40.6814598,-73.934903,19,Lewis Ave & Decatur St,1,In Service,19
3044,40.6800105,-73.938475,25,Albany Ave & Fulton St,1,In Service,27
3046,40.682601,-73.938037,14,Marcus Garvey Blvd & Macon St,1,In Service,19
3047,40.682368700000005,-73.944118,13,Halsey St & Tompkins Ave,1,In Service,21
3048,40.684020000000004,-73.94977,10,Putnam Ave & Nostrand Ave,1,In Service,19
3049,40.68488,-73.96304,14,Cambridge Pl & Gates Ave,1,In Service,18
3050,40.6851532,-73.94111,17,Putnam Ave & Throop Ave,1,In Service,21
3052,40.686312,-73.935775,11,Lewis Ave & Madison St,1,In Service,23
3053,40.6900815,-73.94791500000001,18,Marcy Ave & Lafayette Ave,1,In Service,23
3054,40.6894932,-73.942061,12,Greene Ave & Throop Ave,1,In Service,19
3055,40.68833370000001,-73.950916,19,Greene Ave & Nostrand Ave,1,In Service,23
3056,40.69072549,-73.95133465,19,Kosciuszko St & Nostrand Ave,1,In Service,23
3057,40.69128258,-73.9452416,18,Kosciuszko St & Tompkins Ave,1,In Service,18
3058,40.69237074,-73.93705428,12,Lewis Ave & Kosciuszko St,1,In Service,24
3059,40.693398200000004,-73.939877,10,Pulaski St & Marcus Garvey Blvd,1,In Service,19
3060,40.69425403,-73.94626915,17,Willoughby Ave & Tompkins Ave,1,In Service,19
3061,40.69622937,-73.94371094,17,Throop Ave & Myrtle Ave,1,In Service,21
3062,40.69539817,-73.94954908,19,Myrtle Ave & Marcy Ave,1,In Service,23
3063,40.69527008,-73.95238108,7,Nostrand Ave & Myrtle Ave,1,In Service,20
3064,40.69681963,-73.93756926,20,Myrtle Ave & Lewis Ave,1,In Service,23
3065,40.70029511,-73.95032283,26,Union Ave & Wallabout St,1,In Service,27
3066,40.69957608,-73.94708417,17,Tompkins Ave & Hopkins St,1,In Service,19
3067,40.7016657,-73.9437303,24,Broadway & Whipple St,1,In Service,27
3068,40.7031724,-73.940636,6,Humboldt St & Varet St,1,In Service,24
3069,40.70411791,-73.94818595,23,Lorimer St & Broadway,1,In Service,25
3070,40.70510918,-73.94407279,15,McKibbin St & Manhattan Ave,1,In Service,23
3071,40.70538077,-73.94976519,17,Boerum St & Broadway,1,In Service,19
3072,40.70583339,-73.94644578,17,Leonard St & Boerum St,1,In Service,24
3073,40.70691254,-73.95441667,0,Division Ave & Hooper St,3,Not In Service,0
3074,40.70767788,-73.94016171,19,Montrose Ave & Bushwick Ave,1,In Service,31
3075,40.70708701,-73.95796783,32,Division Ave & Marcy Ave,1,In Service,33
3076,40.70870368,-73.9448625,21,Scholes St & Manhattan Ave,1,In Service,24
3077,40.70877084,-73.95095259,28,Stagg St & Union Ave,1,In Service,33
3078,40.709248262761605,-73.96063148975371,24,Broadway & Roebling St,1,In Service,27
3080,40.709340000000005,-73.95608,15,S 4 St & Rodney St,1,In Service,21
3081,40.711863,-73.944024,14,Graham Ave & Grand St,1,In Service,23
3082,40.71167351,-73.95141312,25,Hope St & Union Ave,1,In Service,25
3083,40.71247661,-73.94100005,29,Bushwick Ave & Powers St,1,In Service,30
3085,40.714690000000004,-73.95739,0,Roebling St & N 4 St,3,Not In Service,0
3086,40.715143,-73.944507,8,Graham Ave & Conselyea St,1,In Service,25
3087,40.71413311,-73.95234386,27,Metropolitan Ave & Meeker Ave,1,In Service,30
3088,40.7160751,-73.95202900000001,18,Union Ave & Jackson St,1,In Service,19
3090,40.71774592,-73.95600096,24,N 8 St & Driggs Ave,1,In Service,31
3091,40.71764,-73.94882,31,Frost St & Meeker St,1,In Service,31
3092,40.7190095,-73.95852515,25,Berry St & N 8 St,1,In Service,27
3093,40.71745169,-73.95850939,19,N 6 St & Bedford Ave,1,In Service,28
3094,40.7169811,-73.94485918,18,Graham Ave & Withers St,1,In Service,18
3095,40.71929301,-73.94500379,19,Graham Ave & Herbert St,1,In Service,23
3096,40.71924,-73.95241999999999,27,Union Ave & N 12 St,1,In Service,39
3100,40.7248125644002,-73.947526216507,33,Nassau Ave & Newell St,1,In Service,39
3101,40.72079821,-73.95484712,26,N 12 St & Bedford Ave,1,In Service,27
3102,40.72179134,-73.95041540000001,27,Driggs Ave & Lorimer St,1,In Service,27
3105,40.724055,-73.955736,22,N 15 St & Wythe Ave,1,In Service,24
3106,40.72325,-73.94308000000001,16,Driggs Ave & N Henry St,1,In Service,19
3107,40.72311651,-73.95212324,39,Bedford Ave & Nassau Ave,1,In Service,39
3108,40.725570000000005,-73.94434,16,Nassau Ave & Russell St,1,In Service,24
3109,40.72606,-73.95621,28,Banker St & Meserole Ave,1,In Service,31
3110,40.72708584,-73.95299117,27,Meserole Ave & Manhattan Ave,1,In Service,27
3112,40.72906,-73.95779,29,Milton St & Franklin St,1,In Service,33
3113,40.730259999999994,-73.95394,13,Greenpoint Ave & Manhattan Ave,1,In Service,26
3115,40.73232194,-73.9550858,24,India St & Manhattan Ave,1,In Service,34
3116,40.732659999999996,-73.95826,6,Huron St & Franklin St,1,In Service,35
3117,40.735640000000004,-73.95866,11,Franklin St & Dupont St,1,In Service,27
3118,40.73555,-73.95284000000001,25,McGuinness Blvd & Eagle St,1,In Service,30
3119,40.74232744,-73.95411749,43,Vernon Blvd & 50 Ave,1,In Service,45
3120,40.741609999999994,-73.96044,18,Center Blvd & Borden Ave,1,In Service,20
3121,40.74524768,-73.94733276,23,Jackson Ave & 46 Rd,1,In Service,27
3122,40.744363287066896,-73.95587325096129,24,48 Ave & 5 St,1,In Service,31
3123,40.74469738,-73.93540375,26,31 St & Thomson Ave,1,In Service,27
3124,40.74731,-73.95451,21,46 Ave & 5 St,1,In Service,27
3125,40.74708586,-73.94977234,18,45 Rd & 11 St,1,In Service,23
3126,40.74718234,-73.9432635,26,44 Dr & Jackson Ave,1,In Service,34
3127,40.74966,-73.9521,26,9 St & 44 Rd,1,In Service,35
3128,40.75052534,-73.94594845,22,21 St & 43 Ave,1,In Service,23
3129,40.75110165,-73.94073717,30,Queens Plaza North & Crescent St,1,In Service,31
3130,40.75325964,-73.94335788,30,21 St & Queens Plaza North,1,In Service,31
3131,40.7671284034954,-73.9622461795807,27,E 68 St & 3 Ave,1,In Service,31
3132,40.76350532,-73.97109243,8,E 59 St & Madison Ave,1,In Service,35
3134,40.76312584,-73.96526895,48,3 Ave & E 62 St,1,In Service,51
3135,40.77112927,-73.95772297,32,E 75 St & 3 Ave,1,In Service,41
3136,40.766368,-73.971518,47,5 Ave & E 63 St,3,Not In Service,47
3137,40.77282817,-73.96685276,30,5 Ave & E 73 St,3,Not In Service,31
3139,40.7711828754066,-73.9640942215919,32,E 72 St & Park Ave,1,In Service,43
3140,40.77140426,-73.9535166,20,1 Ave & E 78 St,1,In Service,55
3141,40.76500525,-73.95818491,55,1 Ave & E 68 St,1,In Service,59
3142,40.761227399999996,-73.96094022,40,1 Ave & E 62 St,1,In Service,41
3143,40.77632142182271,-73.9642739295959,37,5 Ave & E 78 St,1,In Service,47
3144,40.77677702,-73.95900970000001,44,E 81 St & Park Ave,1,In Service,46
3145,40.77862688,-73.95772073,42,E 84 St & Park Ave,1,In Service,45
3146,40.77573034,-73.9567526,41,E 81 St & 3 Ave,1,In Service,47
3147,40.77801203,-73.95407149,24,E 85 St & 3 Ave,1,In Service,39
3148,40.77565541,-73.95068615,18,E 84 St & 1 Ave,1,In Service,31
3150,40.77536905,-73.94803392,39,E 85 St & York Ave,1,In Service,47
3151,40.7728384,-73.94989233,32,E 81 St & York Ave,1,In Service,43
3152,40.76873687,-73.96119945,38,3 Ave & E 71 St,1,In Service,41
3153,40.7681754674225,-73.9591026306152,27,E 71 St & 2 Ave,1,In Service,37
3154,40.77314236,-73.95856158,28,E 77 St & 3 Ave,1,In Service,31
3155,40.76440023,-73.96648977,36,Lexington Ave & E 63 St,1,In Service,39
3156,40.76663814,-73.95348296,23,E 72 St & York Ave,1,In Service,37
3157,40.77518615,-73.94446054,19,East End Ave & E 86 St,1,In Service,27
3158,40.77163851,-73.98261428,22,W 63 St & Broadway,1,In Service,31
3159,40.77492513,-73.98266566,26,W 67 St & Broadway,1,In Service,31
3160,40.77896784,-73.97374737,18,Central Park West & W 76 St,1,In Service,39
3161,40.7801839724239,-73.9772853255272,16,W 76 St & Columbus Ave,1,In Service,59
3162,40.78339981,-73.98093133,28,W 78 St & Broadway,1,In Service,39
3163,40.7734066,-73.97782542,2,Central Park West & W 68 St,1,In Service,43
3164,40.7770575,-73.97898475,32,Columbus Ave & W 72 St,1,In Service,67
3165,40.775793766836706,-73.97620573639871,17,Central Park West & W 72 St,1,In Service,51
3166,40.780577990103296,-73.9856243133545,36,Riverside Dr & W 72 St,1,In Service,41
3167,40.7796680900731,-73.9809304475784,39,Amsterdam Ave & W 73 St,3,Not In Service,55
3168,40.78472675,-73.96961715,19,Central Park West & W 85 St,1,In Service,31
3169,40.78720869,-73.98128127,38,Riverside Dr & W 82 St,1,In Service,39
3170,40.78499979,-73.97283406,12,W 84 St & Columbus Ave,1,In Service,35
3171,40.78524672,-73.97667321,28,Amsterdam Ave & W 82 St,1,In Service,39
3172,40.7785669,-73.97754961,23,W 74 St & Columbus Ave,1,In Service,27
3173,40.777507027548,-73.98888587951659,12,Riverside Blvd & W 67 St,1,In Service,39
3175,40.77748046,-73.98288594,25,W 70 St & Amsterdam Ave,1,In Service,31
3177,40.7867947,-73.977112,45,W 84 St & Broadway,1,In Service,63
3178,40.78414472,-73.98362492,5,Riverside Dr & W 78 St,1,In Service,39
3179,40.698617,-73.941342,22,Park Ave & Marcus Garvey Blvd,1,In Service,23
3180,40.69878,-73.99712,0,Brooklyn Bridge Park - Pier 2,3,Not In Service,0
3182,40.686931,-74.016966,17,Yankee Ferry Terminal,1,In Service,42
3183,40.7162469,-74.0334588,19,Exchange Place,1,In Service,30
3184,40.7141454,-74.0335519,8,Paulus Hook,1,In Service,14
3185,40.717732500000004,-74.04384499999999,4,City Hall,1,In Service,22
3186,40.7195861164717,-74.0431174635887,18,Grove St PATH,1,In Service,42
3187,40.721123600000006,-74.03805095,18,Warren St,1,In Service,22
3191,40.71821129999999,-74.08363940000001,11,Union St,1,In Service,18
3192,40.711242299999995,-74.0557013,6,Liberty Light Rail,1,In Service,22
3193,40.7246050998869,-74.07840594649309,13,Lincoln Park,1,In Service,18
3194,40.7253399253558,-74.06762212514879,21,McGinley Square,1,In Service,22
3195,40.730742625306604,-74.0637838840485,3,Sip Ave,1,In Service,38
3196,40.7443187,-74.04399090000001,18,Riverview Park,1,In Service,18
3198,40.7487159453802,-74.04044330120091,13,Heights Elevator,1,In Service,18
3199,40.728744799999994,-74.03210820000001,7,Newport Pkwy,1,In Service,14
3201,40.737711,-74.066921,4,Dey St,1,In Service,18
3202,40.7272235,-74.03375890000001,10,Newport PATH,1,In Service,18
3203,40.727595965999996,-74.044247311,2,Hamilton Park,1,In Service,26
3205,40.716539780991894,-74.0496379137039,2,JC Medical Center,1,In Service,22
3206,40.7311689,-74.0575736,26,Hilltop,1,In Service,26
3207,40.7376037,-74.05247829999999,23,Oakland Ave,1,In Service,26
3209,40.7241765,-74.05065640000001,1,Brunswick St,1,In Service,22
3210,40.742677141,-74.051788633,7,Pershing Field,1,In Service,18
3211,40.72152515,-74.046304543,0,Newark Ave,1,In Service,22
3212,40.734785818,-74.050443636,19,Christ Hospital,1,In Service,22
3213,40.71848892,-74.047726625,1,Van Vorst Park,1,In Service,22
3214,40.712774200000005,-74.03648570000001,3,Essex Light Rail,1,In Service,22
3220,40.7349610200095,-74.05950307846071,17,5 Corners Library,1,In Service,18
3221,40.743,-73.93561,18,47 Ave & 31 St,1,In Service,27
3223,40.7589965596051,-73.9686539769173,50,E 55 St & 3 Ave,1,In Service,53
3225,40.7236589,-74.0641943,13,Baldwin at Montgomery,1,In Service,14
3226,40.78275,-73.97137,38,W 82 St & Central Park West,1,In Service,45
3231,40.76780080148129,-73.96592080593109,35,E 67 St & Park Ave,1,In Service,39
3232,40.68962188790329,-73.9830426871777,6,Bond St & Fulton St,1,In Service,31
3233,40.7572456791173,-73.978059142828,37,E 48 St & 5 Ave,1,In Service,39
3235,40.752165280622,-73.97992193698879,26,E 41 St & Madison Ave,1,In Service,31
3236,40.75898481399629,-73.9937996864319,26,W 42 St & Dyer Ave,1,In Service,33
3241,40.686203000000006,-73.944694,16,Monroe St & Tompkins Ave,1,In Service,19
3242,40.69102925677971,-73.991833627224,32,Schermerhorn St & Court St,1,In Service,39
3243,40.7589238637769,-73.96226227283479,24,E 58 St & 1 Ave,1,In Service,29
3244,40.7314372408523,-73.9949034154415,27,University Pl & E 8 St,1,In Service,31
3249,40.680356084043396,-73.94767910242079,7,Verona Pl & Fulton St,1,In Service,19
3255,40.7505853470215,-73.9946848154068,8,8 Ave & W 31 St,1,In Service,19
3256,40.7277140777778,-74.011295735836,11,Pier 40 - Hudson River Park,1,In Service,22
3258,40.750181563256795,-74.00218427181241,23,W 27 St & 10 Ave,1,In Service,37
3259,40.749370241932795,-73.9992338418961,17,9 Ave & W 28 St,1,In Service,27
3260,40.7270636334831,-73.99662137031551,24,Mercer St & Bleecker St,1,In Service,31
3263,40.729514962249496,-73.990752696991,55,Cooper Square & Astor Pl,1,In Service,59
3267,40.7124188237569,-74.0385255217552,3,Morris Canal,1,In Service,14
3268,40.7134638266919,-74.0628585219383,0,Lafayette Park,1,In Service,14
3269,40.726011729646295,-74.0503889322281,11,Brunswick & 6th,1,In Service,14
3270,40.7252891078113,-74.0455716848373,2,Jersey & 6th St,1,In Service,14
3272,40.7233315864644,-74.04595255851741,1,Jersey & 3rd,1,In Service,14
3273,40.72165072488,-74.0428841114044,6,Manila & 1st,1,In Service,18
3275,40.7183551982321,-74.0389144420624,6,Columbus Drive,1,In Service,14
3276,40.7145840353589,-74.042817056179,3,Marin Light Rail,1,In Service,26
3277,40.714358368704296,-74.0666109323502,11,Communipaw & Berry Lane,1,In Service,14
3278,40.725685483629,-74.0487903356552,1,Monmouth and 6th,1,In Service,14
3279,40.721630142638396,-74.04996782541279,4,Dixon Mills,1,In Service,18
3280,40.719282200707,-74.071261882782,12,Astor Place,1,In Service,14
3281,40.7459099663156,-74.05727148056029,8,Leonard Gordon Park,1,In Service,14
3282,40.78307,-73.95939,37,5 Ave & E 88 St,1,In Service,38
3283,40.7882213,-73.97041561,35,W 89 St & Columbus Ave,1,In Service,47
3284,40.78141070019,-73.9559590816498,35,E 88 St & Park Ave,1,In Service,38
3285,40.78839,-73.9747,26,W 87 St & Amsterdam Ave,1,In Service,43
3286,40.7806284,-73.9521667,38,E 89 St & 3 Ave,1,In Service,39
3288,40.778301,-73.9488134,21,E 88 St & 1 Ave,1,In Service,39
3289,40.7901794809508,-73.9728891849518,27,W 90 St & Amsterdam Ave,1,In Service,32
3290,40.7779453,-73.94604100000001,26,E 89 St & York Ave,1,In Service,35
3292,40.785785100000005,-73.957481,40,5 Ave & E 93 St,1,In Service,43
3293,40.7921,-73.9739,23,W 92 St & Broadway,1,In Service,24
3294,40.7835016,-73.955327,37,E 91 St & Park Ave,1,In Service,38
3295,40.791270000000004,-73.964839,34,Central Park W & W 96 St,1,In Service,59
3296,40.7824541752799,-73.94891962409021,30,E 93 St & 2 Ave,1,In Service,42
3297,40.668662700000006,-73.97988067,18,6 St & 7 Ave,1,In Service,21
3298,40.686371,-73.99383324,22,Warren St & Court St,1,In Service,23
3299,40.788129999999995,-73.95206,24,E 98 St & Park Ave,1,In Service,25
3300,40.6651468153379,-73.9763760566711,24,Prospect Park West & 8 St,1,In Service,25
3301,40.7919557,-73.968087,0,Columbus Ave & W 95 St,3,Not In Service,0
3302,40.7969347,-73.9643412291,21,Columbus Ave & W 103 St,1,In Service,22
3303,40.6849894,-73.99440329,14,Butler St & Court St,1,In Service,25
3304,40.668127,-73.98377641,23,6 Ave & 9 St,1,In Service,27
3305,40.7811222993417,-73.9496558904648,30,E 91 St & 2 Ave,1,In Service,39
3306,40.666207799999995,-73.98199886,22,10 St & 7 Ave,1,In Service,23
3307,40.7941654,-73.974124,31,West End Ave & W 94 St,1,In Service,31
3308,40.686175799999994,-73.99645295,21,Kane St & Clinton St,1,In Service,27
3309,40.7859201,-73.94860294,25,E 97 St & 3 Ave,1,In Service,30
3310,40.663779,-73.98396846,22,14 St & 7 Ave,1,In Service,24
3311,40.68763155,-74.0016256,6,Columbia St & Kane St,1,In Service,21
3312,40.78172120000001,-73.94594000000001,5,1 Ave & E 94 St,1,In Service,39
3313,40.666318100000005,-73.9854617,25,6 Ave & 12 St,1,In Service,29
3314,40.7937704,-73.971888,31,W 95 St & Broadway,1,In Service,32
3315,40.684751399999996,-73.99917254,6,Henry St & Degraw St,1,In Service,23
3317,40.6686273,-73.98700053,12,10 St & 5 Ave,1,In Service,24
3318,40.7839636,-73.94716729999999,16,2 Ave & E 96 St,1,In Service,39
3319,40.666287,-73.98895053,4,14 St & 5 Ave,1,In Service,21
3320,40.7940666081855,-73.9628684520721,14,Central Park West & W 100 St,1,In Service,49
3321,40.683116399999996,-73.99785267,19,Clinton St & Union St,1,In Service,25
3322,40.668603000000004,-73.99043940000001,15,12 St & 4 Ave,1,In Service,25
3323,40.798185600000004,-73.96059090060001,49,W 106 St & Central Park West,1,In Service,59
3324,40.6685455,-73.99333264,1,3 Ave & 14 St,1,In Service,25
3326,40.67434,-74.00194698,4,Clinton St & Centre St,1,In Service,21
3327,40.787721399999995,-73.94728331,25,3 Ave & E 100 St,1,In Service,27
3328,40.795,-73.9645,34,W 100 St & Manhattan Ave,1,In Service,39
3329,40.6829151,-73.99318208,25,Degraw St & Smith St,1,In Service,27
3330,40.672505799999996,-74.00494695,9,Henry St & Bay St,1,In Service,19
3331,40.8013434,-73.97114574390001,33,Riverside Dr & W 104 St,1,In Service,39
3332,40.681990442707,-73.9907902479172,11,Degraw St & Hoyt St,1,In Service,19
3333,40.6747055,-74.00755720000001,7,Columbia St & Lorraine St,1,In Service,21
3335,40.6772744,-73.98282002,1,Union St & 4 Ave,1,In Service,28
3336,40.787801,-73.953559,40,E 97 St & Madison Ave,1,In Service,41
3337,40.673635513415,-74.0119555592537,1,Dwight St & Van Dyke St,1,In Service,23
3338,40.786258600000004,-73.94552579,26,2 Ave & E 99 St,1,In Service,31
3339,40.6765304,-73.97846879,5,Berkeley Pl & 6 Ave,1,In Service,23
3340,40.6753274,-74.0100698,0,Wolcott St & Dwight St,1,In Service,21
3341,40.795346,-73.96186,12,Central Park West & W 102 St,1,In Service,41
3342,40.677774799999995,-74.0094613,21,Pioneer St & Richards St,1,In Service,23
3343,40.7997568,-73.9621128676,23,W 107 St & Columbus Ave,1,In Service,23
3344,40.679043,-74.011169,8,Pioneer St & Van Brunt St,1,In Service,19
3345,40.789485415532106,-73.9524292945862,35,Madison Ave & E 99 St,1,In Service,35
3346,40.6751468387098,-73.9752320945263,24,Berkeley Pl & 7 Ave,1,In Service,29
3347,40.6773429,-74.01275056,5,Van Brunt St & Wolcott St,1,In Service,21
3348,40.677236,-74.015665,4,Coffey St & Conover St,1,In Service,19
3349,40.6729679,-73.97087984,25,Grand Army Plaza & Plaza St West,1,In Service,30
3350,40.797372100000004,-73.97041192,39,W 100 St & Broadway,1,In Service,39
3351,40.7869946,-73.94164802,7,E 102 St & 1 Ave,1,In Service,25
3352,40.6726724341095,-74.00879524648191,5,Sigourney St & Columbia St,1,In Service,21
3354,40.668132,-73.97363831,30,3 St & Prospect Park West,1,In Service,31
3355,40.7680088930595,-73.9684528112411,21,E 66 St & Madison Ave,1,In Service,25
3356,40.7746671,-73.98470567,16,Amsterdam Ave & W 66 St,1,In Service,21
3357,40.80083629999999,-73.9664492472,34,W 106 St & Amsterdam Ave,1,In Service,35
3358,40.671197799999995,-73.97484126,16,Garfield Pl & 8 Ave,1,In Service,25
3359,40.7691572,-73.96703464,16,E 68 St & Madison Ave,1,In Service,35
3360,40.7829391,-73.9786517,17,Amsterdam Ave & W 79 St,1,In Service,25
3361,40.6740886,-73.9787282,8,Carroll St & 6 Ave,1,In Service,23
3362,40.7781314,-73.96069399,19,Madison Ave & E 82 St,1,In Service,31
3363,40.7904828,-73.95033068,31,E 102 St & Park Ave,1,In Service,33
3364,40.6751622,-73.9814832,4,Carroll St & 5 Ave,1,In Service,27
3365,40.67038370000001,-73.97839676,22,3 St & 7 Ave,1,In Service,27
3366,40.8021174,-73.9681805305,27,West End Ave & W 107 St,1,In Service,31
3367,40.792255299999994,-73.95249933,36,5 Ave & E 103 St,1,In Service,39
3368,40.672815500000006,-73.98352355,13,5 Ave & 3 St,1,In Service,30
3369,40.7724607,-73.9468208,24,E 82 St & East End Ave,1,In Service,29
3370,40.7727966,-73.95577801,25,E 78 St & 2 Ave,1,In Service,25
3371,40.674613422475794,-73.98501142859459,16,4 Ave & 2 St,1,In Service,27
3372,40.7689738,-73.95482273,27,E 74 St & 1 Ave,1,In Service,39
3373,40.675070500000004,-73.98775226,17,3 St & 3 Ave,1,In Service,27
3374,40.799484,-73.955613,4,Central Park North & Adam Clayton Powell Blvd,1,In Service,36
3375,40.7699426,-73.96060712,18,3 Ave & E 72 St,1,In Service,35
3376,40.7647185194434,-73.962220698595,34,E 65 St & 2 Ave,1,In Service,39
3377,40.6786115,-73.99037292,17,Carroll St & Bond St,1,In Service,25
3378,40.773763,-73.96222088,24,E 76 St & Park Ave,1,In Service,28
3379,40.790305100000005,-73.94755757,33,E 103 St & Lexington Ave,1,In Service,35
3381,40.6777287,-73.99364123,9,3 St & Hoyt St,1,In Service,21
3382,40.680611,-73.99475825,8,Carroll St & Smith St,1,In Service,31
3383,40.804213,-73.96699104,23,Cathedral Pkwy & Broadway,1,In Service,25
3384,40.678724200000005,-73.99599099,14,Smith St & 3 St,1,In Service,25
3386,40.6809591,-73.99905709,23,1 Pl & Clinton St,1,In Service,27
3387,40.79343370000001,-73.94945003,24,E 106 St & Madison Ave,1,In Service,25
3388,40.6828003,-73.99990419,8,President St & Henry St,1,In Service,25
3389,40.6830456,-74.00348559,22,Carroll St & Columbia St,1,In Service,28
3390,40.79329668,-73.9432083,18,E 109 St & 3 Ave,1,In Service,24
3391,40.7892529,-73.93956237,21,E 106 St & 1 Ave,1,In Service,25
3392,40.681211700000006,-74.00860912,15,Commerce St & Van Brunt St,1,In Service,19
3393,40.67943270000001,-74.00785041,2,Richards St & Delavan St,1,In Service,19
3394,40.6769993,-74.00647134,11,Columbia St & W 9 St,1,In Service,21
3396,40.6783563,-74.00014502,16,Clinton St & 4 Place,1,In Service,25
3397,40.6763947,-73.99869893,0,Court St & Nelson St,3,Not In Service,0
3398,40.67469570000001,-73.99785768,3,Smith St & 9 St,1,In Service,23
3399,40.6726029815013,-73.9898300170898,15,7 St & 3 Ave,1,In Service,24
3400,40.796153499999996,-73.94782145,23,E 110 St & Madison Ave,1,In Service,24
3401,40.6724811,-73.99331394,3,2 Ave & 9 St,1,In Service,19
3402,40.6902375,-73.99203074,8,Court St & State St,1,In Service,23
3403,40.6705135,-73.98876585,23,4 Ave & 9 St,1,In Service,31
3404,40.670492200000005,-73.98541675,16,7 St & 5 Ave,1,In Service,27
3405,40.670483600000004,-73.98208968,21,5 St & 6 Ave,1,In Service,23
3407,40.6790979972168,-73.9876547455788,10,Union St & Nevins St,1,In Service,23
3408,40.6881529,-73.99520919,21,Congress St & Clinton St,1,In Service,27
3409,40.686744299999994,-73.99063168,9,Bergen St & Smith St,1,In Service,35
3410,40.686444200000004,-73.98759104,22,Dean St & Hoyt St,1,In Service,31
3411,40.6849668,-73.98620772,18,Bond St & Bergen St,1,In Service,27
3412,40.6853761,-73.98302136,1,Pacific St & Nevins St,1,In Service,18
3413,40.6827549,-73.98258555,10,Wyckoff St & 3 Ave,1,In Service,22
3414,40.680944723477296,-73.9756733179092,7,Bergen St & Flatbush Ave,1,In Service,33
3415,40.6793307,-73.97519523,10,Prospect Pl & 6 Ave,1,In Service,25
3417,40.6795766,-73.97854971,2,Baltic St & 5 Ave,1,In Service,27
3418,40.675020700000005,-73.97111473,31,Plaza St West & Flatbush Ave,1,In Service,33
3419,40.67927879999999,-73.98154004,2,Douglass St & 4 Ave,1,In Service,27
3420,40.6802133,-73.98432695,1,Douglass St & 3 Ave,1,In Service,21
3421,40.6843549,-73.98901629,14,Hoyt St & Warren St,1,In Service,23
3422,40.6859296,-74.00242364,1,Columbia St & Degraw St,1,In Service,21
3423,40.6610633719006,-73.97945255041121,20,West Drive & Prospect Park West,1,In Service,29
3424,40.791976,-73.945993,19,E 106 St & Lexington Ave,1,In Service,27
3425,40.789210499999996,-73.94370784,30,2 Ave & E 104 St,1,In Service,33
3427,40.724305272503294,-73.9960098266602,37,Lafayette St & Jersey St,1,In Service,40
3429,40.6850680730818,-73.97790759801859,14,Hanson Pl & Ashland Pl,1,In Service,39
3430,40.7190789117956,-73.94223690032959,17,Richardson St & N Henry St,1,In Service,19
3431,40.746524,-73.977885,23,E 35 St & 3 Ave,1,In Service,23
3434,40.790254173304206,-73.9771834015846,34,W 88 St & West End Ave,1,In Service,35
3435,40.718821999999996,-73.99596,29,Grand St & Elizabeth St,1,In Service,45
3437,40.7931348098666,-73.97700369358058,26,Riverside Dr & W 91 St,1,In Service,39
3440,40.6924182925785,-73.989494740963,30,Fulton St & Adams St,1,In Service,43
3443,40.761329831248105,-73.9798200130463,34,W 52 St & 6 Ave,1,In Service,41
3449,40.7214625622982,-73.9480090141296,17,Eckford St & Engert Ave,1,In Service,18
3452,40.719155716960394,-73.9488539099693,42,Bayard St & Leonard St,1,In Service,43
3453,40.713352262228796,-73.9491033554077,18,Devoe St & Lorimer St,1,In Service,19
3454,40.71036854235229,-73.94705951213841,20,Leonard St & Maujer St,1,In Service,24
3456,40.716380319735606,-73.9482128620148,20,Jackson St & Leonard St,1,In Service,22
3457,40.76302594280521,-73.9720952510834,37,E 58 St & Madison Ave,1,In Service,46
3458,40.763093872708,-73.97835016250609,35,W 55 St & 6 Ave,1,In Service,40
3459,40.7576322773944,-73.9693057537079,29,E 53 St & 3 Ave,1,In Service,34
3461,40.7148515052625,-74.0112233161926,21,Murray St & Greenwich St,1,In Service,33
3462,40.751183874632794,-73.9713871479034,34,E 44 St & 2 Ave,1,In Service,39
3463,40.735367055605394,-73.9879739284515,37,E 16 St & Irving Pl,1,In Service,37
3467,40.7249467235942,-74.0016585588455,41,W Broadway & Spring Street,1,In Service,42
3469,40.7318140172097,-73.9599502086639,16,India St & West St,1,In Service,23
3472,40.742753828659,-74.0074735879898,25,W 15 St & 10 Ave,1,In Service,39
3474,40.7252556952547,-74.0041208267212,15,6 Ave & Spring St,1,In Service,36
3477,40.6553997744783,-74.01062786579129,13,39 St & 2 Ave - Citi Bike HQ at Industry City,1,In Service,33
3478,40.6570886666848,-74.00870203971859,21,2 Ave & 36 St - Citi Bike HQ at Industry City,1,In Service,43
3479,40.6851255951541,-74.0253531932831,13,Picnic Point,1,In Service,45
3481,40.71649,-74.04105,3,York St,1,In Service,22
3483,40.71942,-74.05099,4,Montgomery St,1,In Service,14
3486,40.6884174275408,-73.9845165610313,9,Schermerhorn St & Bond St,1,In Service,30
3489,40.710699946313895,-74.003541469574,20,Gold St & Frankfort St,1,In Service,31
3490,40.796879,-73.93726099999999,28,E 116 St & 2 Ave,1,In Service,31
3491,40.797470000000004,-73.93504,21,E 118 St & 1 Ave,1,In Service,24
3492,40.8005385,-73.9419949,25,E 118 St & Park Ave,1,In Service,27
3493,40.799139000000004,-73.9389152,30,E 118 St & 3 Ave,1,In Service,31
3494,40.797911,-73.9423,25,E 115 St & Lexington Ave,1,In Service,25
3495,40.79456629999999,-73.9362541,25,E 114 St & 1 Ave,1,In Service,26
3496,40.7923272,-73.9383,17,1 Ave & E 110 St,1,In Service,25
3497,40.794987899999995,-73.9333349,5,Pleasant Ave & E 116 St,1,In Service,23
3498,40.7974772,-73.9311847,17,Pleasant Ave & E 120 St,1,In Service,21
3499,40.8006721,-73.9349,24,2 Ave & E 122 St,1,In Service,25
3500,40.7989445,-73.944846,25,E 115 St & Madison Ave,1,In Service,31
3501,40.801486600000004,-73.9442507,25,E 118 St & Madison Ave,1,In Service,29
3502,40.79541210000001,-73.9441232,25,Lexington Ave & E 111 St,1,In Service,29
3503,40.80295,-73.942954,30,Madison Ave & E 120 St,1,In Service,30
3504,40.802926299999996,-73.9379,12,E 123 St & Lexington Ave,1,In Service,27
3505,40.805726,-73.936322,28,Lexington Ave & E 127 St,1,In Service,33
3506,40.8013066,-73.93981670000001,27,Lexington Ave & E 120 St,1,In Service,29
3507,40.8045555,-73.93968609999999,23,Park Ave & E 124 St,1,In Service,36
3508,40.809725,-73.953149,29,St Nicholas Ave & Manhattan Ave,1,In Service,31
3509,40.8011939,-73.9500739,26,Lenox Ave & W 115 St,1,In Service,31
3510,40.8078316,-73.949373,27,Adam Clayton Powell Blvd & W 123 St,1,In Service,31
3511,40.802535,-73.9532423,6,Adam Clayton Powell Blvd & W 115 St,1,In Service,22
3512,40.7747175,-73.93378940000001,18,27 Ave & 4 St,1,In Service,19
3513,40.774645,-73.92370600000001,18,21 St & Hoyt Ave S,1,In Service,21
3514,40.7767,-73.927631,23,Astoria Park S & Shore Blvd,1,In Service,23
3515,40.774591,-73.918544,18,24 Ave & 26 St,1,In Service,19
3516,40.76991760000001,-73.91840570000001,29,31 St & Astoria Blvd,1,In Service,31
3517,40.771152799999996,-73.9170074,27,31 St & Hoyt Ave N,1,In Service,35
3518,40.808442,-73.94520870000001,19,Lenox Ave & W 126 St,1,In Service,34
3519,40.764258,-73.911239,0,28 Ave & 43 St,3,Not In Service,0
3520,40.804372,-73.951475,25,Adam Clayton Powell Blvd & W 118 St,1,In Service,27
3521,40.7987859,-73.9523,33,Lenox Ave & W 111 St,1,In Service,36
3522,40.7701477,-73.9120938,12,37 St & 24 Ave,1,In Service,19
3523,40.7729,-73.91614200000001,20,24 Ave & 29 St,1,In Service,25
3524,40.777455200000006,-73.9225403,11,19 St & 24 Ave,1,In Service,22
3525,40.776165,-73.9153175,18,23 Ave & 27 St,1,In Service,21
3526,40.7747878,-73.91255509999999,11,31 St & 23 Ave,1,In Service,27
3527,40.806979999999996,-73.94174699999999,21,5 Ave & E 126 St,1,In Service,27
3528,40.771393700000004,-73.9077436,6,Steinway St & 23 Ave,1,In Service,20
3529,40.8107922,-73.9430681,20,Lenox Ave & W 130 St,1,In Service,25
3530,40.7787185,-73.9145645,14,Crescent St & Ditmars Blvd,1,In Service,19
3531,40.8125511,-73.9492286,22,Frederick Douglass Blvd & W 129 St,1,In Service,27
3532,40.78145,-73.9183302,12,Ditmars Blvd & 19 St,1,In Service,27
3533,40.8114323,-73.95187759999999,31,St. Nicholas Ave & W 126 St,1,In Service,34
3534,40.805159,-73.95469200000001,24,Frederick Douglass Blvd & W 117 St,1,In Service,39
3535,40.804038,-73.945925,23,Mt Morris Park W & W 120 St,1,In Service,27
3536,40.8082,-73.9641,41,W 116 St & Broadway,1,In Service,43
3537,40.68097410000001,-73.97100970000001,26,Carlton Ave & Dean St,1,In Service,29
3538,40.802692,-73.96295,35,W 110 St & Amsterdam Ave,1,In Service,45
3539,40.8067581,-73.9607082,9,W 116 St & Amsterdam Ave,1,In Service,43
3540,40.81,-73.9551508,34,Morningside Ave & W 123 St,1,In Service,35
3541,40.813358,-73.956461,28,Amsterdam Ave & W 125 St,1,In Service,39
3542,40.8086249,-73.9596214,29,Amsterdam Ave & W 119 St,1,In Service,29
3543,40.81028506306,-73.9573645591736,32,Morningside Dr & Amsterdam Ave,1,In Service,35
3544,40.6804836,-73.9646795,25,Underhill Ave & Pacific St,1,In Service,27
3545,40.8120562,-73.9612547,30,Broadway & W 122 St,1,In Service,33
3546,40.67919439999999,-73.95879029999999,21,Pacific St & Classon Ave,1,In Service,21
3547,40.8143256,-73.9590255,32,Broadway & Moylan Pl,1,In Service,41
3549,40.678045000000004,-73.962408,18,Grand Ave & Bergen St,1,In Service,25
3551,40.795508,-73.94160600000001,21,3 Ave & E 112 St,1,In Service,23
3552,40.805973,-73.964928,36,W 113 St & Broadway,1,In Service,39
3553,40.801694,-73.957145,25,Frederick Douglass Blvd & W 112 St,1,In Service,37
3554,40.7552433,-73.94856779999999,27,Vernon Blvd & 41 Rd,1,In Service,27
3555,40.751047,-73.93796999999999,20,28 St & 41 Ave,1,In Service,27
3556,40.752708500000004,-73.9397405,18,24 St & 41 Ave,1,In Service,19
3557,40.75742,-73.945133,13,40 Ave & 9 St,1,In Service,19
3558,40.6794388,-73.96804379999999,20,Bergen St & Vanderbilt Ave,1,In Service,27
3559,40.7576314,-73.9391224,18,21 St & 38 Ave,1,In Service,19
3560,40.754876,-73.934326,19,28 St & 38 Ave,1,In Service,19
3561,40.7531106,-73.9279917,23,37 Ave & 35 St,1,In Service,26
3562,40.676519799999994,-73.9596082,18,Classon Ave & St Marks Ave,1,In Service,27
3563,40.757186,-73.93271899999999,21,28 St & 36 Ave,1,In Service,21
3564,40.760185299999996,-73.9362726,15,21 St & 36 Ave,1,In Service,19
3565,40.7614376,-73.9411265,19,36 Ave & 10 St,1,In Service,19
3566,40.7596276,-73.93214549999999,22,Crescent St & 35 Ave,1,In Service,25
3567,40.76274420000001,-73.9391141,18,11 St & 35 Ave,1,In Service,19
3568,40.756933200000006,-73.92622309999999,19,34 St & 35 Ave,1,In Service,21
3569,40.6758324,-73.95616770000001,28,Franklin Ave & St Marks Ave,1,In Service,29
3570,40.7557327,-73.92366109999999,26,35 Ave & 37 St,1,In Service,31
3571,40.676368,-73.95291800000001,19,Bedford Ave & Bergen St,1,In Service,24
3572,40.756913,-73.921631,29,34 Ave & 38 St,1,In Service,33
3573,40.7580583,-73.92427509999999,20,35 St & 34 Ave,1,In Service,25
3574,40.6769694,-73.96579,22,Prospect Pl & Underhill Ave,1,In Service,23
3575,40.76108,-73.930562,14,Crescent St & 34 Ave,1,In Service,19
3576,40.6767,-73.969024,27,Park Pl & Vanderbilt Ave,1,In Service,27
3577,40.762813799999996,-73.9342862,21,34 Ave & 21 St,1,In Service,23
3578,40.67418060000001,-73.95649470000001,19,Park Pl & Franklin Ave,1,In Service,21
3579,40.672695000000004,-73.954131,17,Sterling Pl & Bedford Ave,1,In Service,25
3580,40.6737236,-73.9631611,28,St Johns Pl & Washington Ave,1,In Service,30
3581,40.674012299999994,-73.9671457,24,Underhill Ave & Lincoln Pl,1,In Service,27
3582,40.672168299999996,-73.9609,28,Lincoln Pl & Classon Ave,1,In Service,28
3583,40.6716493,-73.9631145,29,Eastern Pkwy & Washington Ave,1,In Service,31
3584,40.670776700000005,-73.9576801,41,Eastern Pkwy & Franklin Ave,1,In Service,42
3585,40.6691783,-73.9554162,23,Union St & Bedford Ave,1,In Service,24
3586,40.763875299999995,-73.9364848,17,34 Ave & 13 St,1,In Service,19
3587,40.6686744,-73.9618148,27,Carroll St & Washington Ave,1,In Service,27
3588,40.7671863,-73.9373554,18,Vernon Blvd & 10 St,1,In Service,21
3589,40.7668,-73.93477740000002,14,Broadway & 12 St,1,In Service,19
3590,40.6679411,-73.9588,16,Carroll St & Franklin Ave,1,In Service,19
3591,40.7659,-73.930819,15,21 St & 31 Dr,1,In Service,21
3592,40.7633589,-73.92864709999999,12,Crescent St & Broadway,1,In Service,19
3593,40.761584,-73.925921,31,31 St & Broadway,1,In Service,35
3595,40.760339,-73.9222427,16,35 St & Broadway,1,In Service,18
3596,40.6642406,-73.9574686,8,Sullivan Pl & Bedford Ave,1,In Service,19
3597,40.7577284,-73.9166368,23,43 St & Broadway,1,In Service,25
3598,40.7595701,-73.91426779999999,19,Newton Rd & 44 St,1,In Service,19
3599,40.663140000000006,-73.96056949999999,9,Franklin Ave & Empire Blvd,1,In Service,27
3601,40.6627059,-73.9569115,4,Sterling St & Bedford Ave,3,Not In Service,19
3602,40.763154,-73.920827,15,31 Ave & 34 St,1,In Service,23
3603,40.7647,-73.9240312,11,31 Ave & 30 St,1,In Service,15
3604,40.6630619,-73.95387459999999,9,Rogers Ave & Sterling St,1,In Service,17
3605,40.765834600000005,-73.9265474,15,31 Ave & Crescent St,1,In Service,21
3606,40.74252,-73.948852,18,49 Ave & 21 St,1,In Service,21
3607,40.7682,-73.9322662,14,31 Ave & 14 St,1,In Service,19
3608,40.7423737,-73.9566,20,5 St & 51 Ave,1,In Service,21
3609,40.7692475,-73.93545040000001,14,Vernon Blvd & 31 Ave,1,In Service,23
3610,40.770845,-73.93417099999999,17,Vernon Blvd & 30 Rd,1,In Service,27
3611,40.7449067,-73.9534573,28,Vernon Blvd & 47 Rd,1,In Service,31
3612,40.77037429999999,-73.9286078,13,30 Ave & 21 St,1,In Service,15
3613,40.745038,-73.957539,14,Center Blvd & 48 Ave,1,In Service,27
3614,40.768692,-73.9249574,17,Crescent St & 30 Ave,1,In Service,23
3615,40.748000000000005,-73.94609270000001,5,44 Dr & 21 St,1,In Service,21
3616,40.7656251,-73.9136695,22,Steinway St & 28 Ave,1,In Service,25
3617,40.7671,-73.9169858,25,28 Ave & 35 St,1,In Service,27
3618,40.7485,-73.941275,25,27 St & Hunter St,1,In Service,25
3619,40.7713615,-73.9246145,15,Newtown Ave & 23 St,1,In Service,19
3620,40.7519071,-73.94791190000001,22,11 St & 43 Ave,1,In Service,23
3621,40.7739825,-73.93091340000001,18,27 Ave & 9 St,1,In Service,19
3622,40.807559999999995,-73.93918199999999,11,E 128 St & Madison Ave,1,In Service,15
3623,40.8109494,-73.9634,39,W 120 St & Claremont Ave,1,In Service,39
3625,40.752575799999995,-73.9364281,2,28 St & 40 Ave,3,Not In Service,2
3628,40.8025566,-73.9490782,25,Lenox Ave & W 117 St,1,In Service,31
3629,40.809495347779496,-73.9477649331093,22,Adam Clayton Powell Blvd & W 126 St,1,In Service,33
3630,40.8038654,-73.95593079999999,19,Frederick Douglass Blvd & W 115 St,1,In Service,33
3631,40.666563000000004,-73.95674100000001,22,Crown St & Bedford Ave,1,In Service,27
3632,40.7280485713626,-73.97881150245671,22,E 12 St & Avenue B,1,In Service,33
3635,40.7546232402911,-73.9951676130295,0,W 36 St & 9 Ave,3,Not In Service,0
3637,40.6832386546034,-73.9659959077835,28,Fulton St & Waverly Ave,1,In Service,31
3638,40.7242941,-74.0354826,4,Washington St,1,In Service,18
3639,40.71925170000001,-74.034234,23,Harborside,1,In Service,30
3640,40.733670000000004,-74.0625,16,Journal Square,1,In Service,18
3641,40.7428687731211,-73.9891862869263,52,Broadway & W 25 St,1,In Service,54
3646,40.763154819103704,-73.93985509872441,23,35 Ave & 10 St,1,In Service,26
3647,40.7412830935599,-73.9372587203979,20,48 Ave & 30 Pl,1,In Service,23
3648,40.6979503156954,-73.970775604248,12,Flushing Ave & Vanderbilt Ave,1,In Service,25
3649,40.814394437915794,-73.95324736833571,30,W 129 St & Convent Ave,1,In Service,30
3653,40.7582046469676,-73.9283215999603,11,31 St & 35 Ave,1,In Service,19
3654,40.751869514218704,-73.933492898941,34,31 St & Northern Blvd,1,In Service,35
3656,40.723077490686705,-73.98583620786671,9,E 2 St & Avenue A,1,In Service,31
3658,40.7435337324616,-74.0036755800247,25,W 18 St & 9 Ave,1,In Service,27
3659,40.7429489166009,-74.0041369199753,23,W 17 St & 9 Ave,1,In Service,25
3660,40.74102150900271,-74.001384973526,32,W 16 St & 8 Ave,1,In Service,39
3661,40.6664393068708,-73.96055638790129,19,Montgomery St & Franklin Ave,1,In Service,19
3662,40.7612938972891,-73.916916847229,17,31 Ave & Steinway St,1,In Service,21
3663,40.6771648946906,-73.97382795810701,23,Sterling Pl & 7 Ave,1,In Service,25
3664,40.7201952143746,-74.0103006362915,20,North Moore St & Greenwich St,1,In Service,30
3666,40.7664255270288,-73.9206290245056,32,32 St & 30 Ave,1,In Service,35
3668,40.7239567849954,-73.9498436450958,26,Leonard St & Nassau Ave,1,In Service,26
3669,40.676303576341795,-74.0031404793262,8,Henry St & W 9 St,1,In Service,19
3671,40.7747794489573,-73.95427465438841,31,E 81 St & 2 Ave,1,In Service,37
3673,40.6775920693738,-73.95563721656801,17,Dean St & Franklin Ave,1,In Service,21
3674,40.7014031725772,-73.9867267012596,26,Jay St & York St,1,In Service,27
3675,40.7845967988489,-73.9496853947639,31,3 Ave & E 95 St,1,In Service,31
3676,40.675832943912894,-74.01472628116609,2,Van Brunt St & Van Dyke St,1,In Service,24
3677,40.7275514673001,-74.07106071710591,17,Glenwood Ave,1,In Service,18
3678,40.7257261374256,-74.0719592571259,18,Fairmount Ave,1,In Service,18
3679,40.722103786686,-74.0714550018311,13,Bergen Ave,1,In Service,14
3680,40.7541208107793,-73.9802518486977,53,E 43 St & 5 Ave,1,In Service,55
3681,40.7151776773203,-74.0376833081245,14,Grand St,1,In Service,18
3684,40.737561211811396,-74.00398269295691,26,W 12 St & W 4 St,1,In Service,43
3686,40.739448201304,-74.0050703287125,32,Gansevoort St & Hudson St,1,In Service,39
3687,40.7432268143217,-73.9744978398085,44,E 33 St & 1 Ave,1,In Service,59
3688,40.757920208794,-73.9663821458817,25,2 Ave & E 55 St,1,In Service,29
3689,40.799041392883,-73.96649479866029,46,W 104 St & Amsterdam Ave,1,In Service,47
3690,40.71334184275911,-74.0093551576138,30,Park Pl & Church St,1,In Service,36
3691,40.7640893235069,-73.9106512069702,14,28 Ave & 44 St,1,In Service,19
3692,40.6999974843885,-73.97440128028391,14,5 St & Market St,1,In Service,15
3693,40.722481886382205,-73.95921930670741,22,N 11 St & Kent Ave,1,In Service,27
3694,40.71113,-74.0789,17,Jackson Square,1,In Service,18
3697,40.7751595343424,-73.98918695747851,22,W 64 St & Thelonious Monk Circle,1,In Service,43
3699,40.763604677958604,-73.9891795814037,29,W 50 St & 9 Ave,1,In Service,30
3701,40.708317943664,-74.0050408244133,21,Cliff St & Fulton St,1,In Service,37
3704,40.7437524099784,-73.941764831543,15,47 Ave & Skillman Ave,1,In Service,19
3705,40.728400594508294,-73.9996878057718,7,Thompson St & Bleecker St,1,In Service,35
3707,40.741459000000006,-73.983293,53,Lexington Ave & E 26 St,1,In Service,55
